A,B,C
-0.08749163413578151,0.39800022152586356,0.014274564948333684
-1.0717046074618652,-0.5464732265859715,0.0724244567224001
2.7470749767867146,2.0126494713723937,3.08396415971933
3.217913013724806,2.213772379798922,4.260312408909722
-0.6072731039271355,0.7939144577426656,-0.5160914911614876
-0.21191506417161074,0.3277017619693728,-0.17661720055772384
4.019112472546093,3.4134430278471464,3.348242521594702
2.7516092703921213,1.8530158076732866,1.372020079414555
0.2143529064146095,-0.9653219246951131,0.1967715263137438
-0.2703544028860369,-0.43266898361127004,-1.0090553801136175
3.4660271544871497,2.53320384126459,2.762961101073467
1.3976144024189956,1.718715877037849,0.3547124868352294
0.9313174264708122,1.0523839834431221,0.24538675773947438
0.11382322368896458,2.5201412921686153,1.9022585121555877
1.8277200143686507,3.243893511072847,2.1427959866016115
1.4360108696628422,2.047267081327274,2.144959407164625
3.182035142715979,2.090602176921054,2.8634339358037906
1.542844431619436,1.5552060726777954,0.2910363767873497
1.7667090110553407,0.9173057581741607,1.8019550781116311
1.6580823815043049,1.8897487866479181,1.780936652283935
0.9926565028182331,0.12062953332861517,-0.35185962373755486
2.508926489084833,2.2359070214074275,2.208598098712879
0.9928242301259829,-0.23572037119202638,-0.49026478935705764
0.5592984170988073,-0.37485275330501167,0.46240614271787184
2.668789666443519,2.3878267489909812,2.0104008213319116
0.04154665718308248,1.263180281283311,0.8047662044893112
3.22928611226047,2.6749310856682595,3.094419911283719
0.42759978668268434,0.2479071656036119,-0.4220884793034174
0.25651291422688866,1.2184056915233707,0.5609619919797525
1.7409516451575542,1.8692858710973088,1.31430247074262
0.6930700308919726,0.8139360642671231,0.7751189764833967
0.8260192264754899,-0.08115804526366702,-0.44159257570277377
3.3941352603050516,2.904563514140975,2.785962977702715
2.601686900518909,1.6532837042241013,2.13078823192496
2.2248688364235156,1.7341653294687078,2.3173712100173716
1.0290458872074015,-0.00488049577223277,-0.28225481864753726
1.8899905695628294,1.1597961380859223,1.7300669112869578
2.841404165376072,1.653270163476145,2.266048736097912
0.034731499567524964,-0.23604028121387371,0.37529169833387743
1.2478023087709773,1.2004878059469453,1.9405972594078613
1.9735931649107636,2.544350577797073,1.6758666904694375
1.170777943864509,2.2064291011274304,2.4762792918633134
2.6535547683626683,3.3903533892614126,3.0670738478505704
1.267009310905784,1.1527577685258692,0.8703125970885635
2.1103911470926486,3.006291377611975,3.177565900227283
0.4278155104299737,-0.1840324276542501,0.838200885484371
-0.9199897076898705,-0.3577464579694621,-0.3080022714289791
3.679913183826745,3.1971284995700433,2.9921622455322994
2.726317984676257,3.69419382908694,3.526371808029162
2.674930104788927,2.2769283457797886,1.2217026250046161
-0.6491355596457228,0.581730615299674,0.949265460371912
0.8987493461000808,0.8337597887730857,1.14159704893539
2.373675845196744,2.1211132607834142,3.675906357217793
2.4692277822851385,4.303697879146717,2.3170833090367893
3.320076093833289,3.908940096484855,2.741647500037938
4.031634973680302,2.238284042511232,2.6594998927741855
1.8004359848212337,2.8002188802233055,0.5357383718545441
-0.12823964331949764,1.1788201596505667,-0.12953360494833574
3.0276985442887914,1.6215489703001515,3.4007688361716024
-0.33403090805956603,0.06589668931874927,-0.19364689811123614
0.011866737751803627,-0.775914430472137,-0.7832647106362179
0.6175326011834842,0.23057178542210158,0.3008180393962021
0.09001892793234641,-1.6310064346212445,0.38049720726170105
0.23447282812501466,0.3268449465880852,-0.27885991060732107
2.6511293095292046,2.6049336793004687,1.303833175240546
2.768939296063334,2.1566310064254886,2.170122212938407
1.0383104871114697,0.8569523044991957,0.46396017218823793
1.3975893310774485,2.129427649968467,2.110917174781224
1.2822544772595936,0.33518665408440607,1.4290025063854506
2.0332624912448773,2.9562523566667283,2.6408202801213134
2.0087462825544113,0.4671145503771996,0.8510357635725985
2.702105839584035,2.050483820538338,1.004616896005677
2.806651972649373,1.068274657392574,2.9377333231917344
2.779070543797732,3.015248834494868,2.9728362987241836
2.0770532443308953,0.03091134300752918,1.1418390134030365
1.1866084237166787,2.518682977511536,1.6758216290343566
1.7584908497737606,1.42654036775024,1.926004126283867
1.4081928371743144,2.6855367747922427,1.9513654007047685
0.06796045144187021,0.5095386439561904,0.11826360726412664
0.8225302014907695,2.094718414275857,0.4343995312222326
2.2418077945344876,1.3195724610943886,0.9687217602216365
0.59183998402994,1.8963751335243486,1.2758339124784979
3.8941651856730104,2.5281318882917527,2.6973512208982604
1.0700924053036611,1.582022289402305,0.9850842541646508
2.673400576253311,1.0964928590468488,1.8986405751549016
3.526681676761657,2.1171267746500937,3.6828457479274332
0.5533590087478542,0.562341226127371,1.248237697546658
1.9097071770503067,2.4845627779433164,1.760624489791935
1.310109096810866,1.6172240835558085,2.449853185102365
1.9577130282598987,0.5796573649466403,0.37881255213848286
0.6465282019517966,0.8532128505141299,0.7076712540395402
0.6885374449920143,0.48283839344266866,0.46365532459237857
2.6333044484270998,2.3385047888874295,2.6494523228833713
1.4794274069641093,2.450681011640196,2.2270660848325816
0.5288592746846463,1.1003605056340102,1.4204421931510645
1.178199183777587,1.7385003687382858,1.6313663499901772
2.5929488490831067,3.650309378861664,2.142535785878655
1.9234919964367592,2.994188273655844,2.2886053542251954
2.935357769220656,2.833454125157935,3.2165995850363096
1.3129385495125698,1.4392072323740028,0.46733128997161777
2.603328289406839,2.1463361064797093,1.325069081057157
1.5071947146030218,0.45594478414208706,0.8101545308321438
3.244878952840139,2.846516310499556,2.197177208459367
1.8608043997153434,-0.10776169726132312,0.5805701032932549
2.7134410590296163,1.2848180451231133,1.9054268366221279
0.7079585463532967,0.39577694684771225,1.3811763555575265
2.900682886847592,3.0985974846029727,4.341004969502062
1.6084575811131998,1.4429198105043497,1.8474289127388785
2.1137455741913436,1.175564441813542,1.4176090221732611
3.282099428210641,3.715706623274915,3.1113726622993676
1.11168578162475,2.5352961692623177,1.8453103808909062
1.0305014513141455,0.11382644354703364,1.8637701689016748
0.534398065401567,-0.013775549502049948,-0.5966061611553694
-0.10807482776620327,-0.41446911214141685,1.1252599065294446
1.2281945592377002,0.7682546780228949,0.4846855960743949
3.446018316121373,3.821698667798648,2.996959275849355
-0.05565361888661635,1.7636452379778975,0.711167650214619
2.9765160998688955,3.661465197858409,2.6666585547342607
0.4819532677326568,0.6473351564409267,0.0021612230571605995
0.4281983559154382,1.0525995793834246,0.9036072289084331
1.8097732151348969,2.388323438262581,2.3753719331696184
1.369321511795704,1.35580212358819,-0.0029208149420958396
3.5717189540330114,3.394445773925155,3.7679467882810496
3.2606961316962217,1.984961190820985,2.7318142623811736
0.380170743167162,0.19307556897298153,-0.47889309503604666
2.7148020506800767,1.706773698906123,2.530978854785225
0.6511574289262017,1.2787632106802036,1.9202061220442097
2.316343441511812,2.357511398778577,2.1790411455120884
4.0786648972935025,2.8995029581585627,2.459710181868879
-0.026946130674258825,1.2003632359006233,-0.2737716284760068
1.6550091313035364,0.9120468067659632,1.143739502050963
0.7161169962367177,0.7145532849944856,1.565470152774283
0.9222233025642046,1.486056431230927,1.6952848980438657
1.6541168047615449,1.891823749202471,2.3999024679591097
1.5401416129012455,0.1416247714891815,0.44500022006491413
0.10444654164015299,1.144418744856897,1.0491291828148561
1.3806138048642862,2.032314798947718,2.3831856602332953
0.6489940887066402,-0.6211000603831957,-0.2031621798123405
1.5656053639768772,1.9803484240251092,2.6764677580563685
1.60045040969278,1.0793733877669722,1.171993183153515
-0.3597780775425754,0.254962347226985,0.3393162662430525
0.9703466122491651,0.8926236913287353,0.4257316718822365
0.5477639373403096,2.3332778535869716,1.3389890983039576
-0.28843312786215947,0.6999880342685477,0.31507940580265126
3.5857998723986038,2.9461813067833145,3.6072927270485935
1.7128473142167207,3.646607415223523,2.42365456790661
1.6101455502095119,2.0430437285233074,0.9556353701174547
2.157792368248381,3.5613028963546713,3.406683740652161
2.499464698375931,1.6802044331303005,1.47579579166562
1.2367658176824428,1.7028072194325152,2.2092160320303678
3.1213465793080726,3.148136084815678,2.8888920449349893
0.27080993047631374,0.09677729820109512,0.9352634571762862
0.5298863840274189,0.08403037965477221,-0.07791134386903799
2.000203771434895,1.443334832572071,2.2641407049939892
0.18096585828444522,-0.06710984561062627,0.04592815325356381
1.6856981244548028,1.0474548721950132,0.43182365052183636
0.8958579660649815,0.09267355928073928,0.23294856443274992
1.6845987657806356,2.3602976009274697,1.9271610581199388
1.8676911430823073,2.288660275636001,1.5142880478812248
1.0956972474432316,2.205151839778247,2.284635067358905
1.5483639061452348,0.39846785556042097,-0.35406582356019184
-0.8884205012673979,-0.5524348644255239,-0.4978434832605249
3.1692781201962292,2.582676037548905,2.9225433438158195
2.097359438681485,4.100812621945009,3.398642017154677
1.6704320871170648,2.3706309859953314,2.618411686635438
0.947811771358764,0.13708361884588305,0.7630256311865481
0.16830200997252553,1.469436947372376,0.895134142446455
-1.1488809227674692,0.37648643399638876,0.46306579513713436
-0.34508301121217355,0.06934608448605242,0.03685939486009383
3.767163953075307,2.8628287799461667,3.3469185769052943
0.35491056573849794,-0.18151547710692428,0.6038143393208764
0.908082015850591,1.1827517280110709,0.33997253715611087
2.122867649880564,1.1622422178810186,2.3579175340282994
2.0264343076180316,2.9913353401183627,2.9237020403218628
1.8128221098526507,1.6670609759437784,2.158780480109829
0.31798487456310076,0.30555486741173465,1.1459593560820758
1.3105078065477582,0.8466560747943948,1.8667359014202152
1.4792951194520636,1.5715859289811427,2.549591800285434
1.4108079997195118,0.8390775277156457,2.7873598849446255
-1.6491210415172972,0.38219384055852,-0.5011538209736949
1.974292794713477,3.1317728751702187,1.175096354611989
-1.2512049239145104,-1.04656526301184,0.04031562325558128
1.7222624444861072,2.5340538935363375,-0.00904339826607159
1.0364611020917385,0.15876911217033107,1.0640517321658391
2.1578057710574794,1.0924469817974836,1.9417480112178405
3.4727143528418556,2.9375581199555163,2.2638678147059155
-0.40635196191714046,0.3529941842822733,-0.09119842333302033
2.582900776214046,1.83616244394891,3.6777832386083467
3.3972834034142707,3.205068354126225,2.486975188237654
1.179811019064331,1.5725211556157452,1.0409066487794107
-0.5198069376032644,1.5832329679323633,1.8799402346473864
-0.114468611506223,-0.28841479438970613,0.294565650584341
1.4417764152559518,0.3289336809788447,0.8237759478690285
0.7775130061279969,1.784394246309637,2.23311641118259
2.7637872339322267,3.830452059760662,2.0743316733900894
1.407641932523305,0.7596560159694864,1.1126340117149527
1.3505804734005311,2.208537746998582,2.477679684968588
1.0495699398909357,2.0535228136831964,2.5970979274999344
-0.6601615893824574,-0.17990274146705237,0.6510334790049247
3.6964243627423756,3.26334412098509,2.510381905638256
0.6998012015311312,0.11586944460006043,0.760594206652587
2.294396086524787,3.185481639202568,2.909838168383385
3.1612834896643083,2.650199476823922,3.3370551214469875
3.330370663522699,3.1780099189040816,1.8164936930117273
0.41584483715877896,1.0602325107783597,-0.4229512663628274
0.2508053940364478,-0.911948011431153,-0.04584434242148869
2.8915776449284696,2.261076222557593,2.545773523793435
1.9456147946912927,2.2785271484752343,2.556520656029896
4.312669913679164,3.741383123557674,2.6514170637798125
1.0519991687719128,0.10675861193026837,-0.23088506337224213
2.579547747855251,3.2138109537501522,2.4678786238928425
2.705452667949335,2.4631498491118173,2.376460354265945
1.9885805939361214,0.7054509145939918,1.1063372519052885
-0.6935186507967972,-0.903897772457365,0.50110681915854
2.2212934789376924,3.348729851836644,3.179114940380818
1.519603832315362,1.5540299812388962,1.5635358573418616
2.448532807024326,2.585299699679932,1.8815956270287397
2.0860571979440383,2.9209197923507384,3.336665609914523
0.6859367019363903,0.1151619166488327,0.2086168350624216
2.32071950427369,3.297918406983836,3.459606193660684
2.4228943853523117,2.0813734165605022,2.1553778361911
-0.14982027335327802,0.11135807431018971,-1.1091671321686443
0.18016087310033216,0.23957517717319088,0.9581713253491966
3.577003450913308,3.2841691462567764,3.162586347860283
1.916693669085018,-0.2567250463028936,1.3196597022801608
2.065642533078631,2.215778884480896,2.3781390554595387
0.9013036542621373,1.2596185194521117,2.1521030924062634
-0.6388574633034599,-0.21997535028476714,-0.8198312098856075
1.3488358164427445,1.5440312803284233,1.3222656256942265
0.29942910266438566,0.6530169414806429,0.15656067478273347
2.186252033118147,2.3173669619807375,2.808496865300965
-0.4956591293896444,0.7621294674167809,0.10390590847825441
1.4704750045575279,0.7711392411115375,0.03634737732065352
2.720719656172063,1.7012707901390736,2.803563942154612
-0.4120636713374381,-0.6863478162495381,-1.436170652418283
3.196069565388375,2.8211239162244617,3.4710119529688006
2.124787982665728,3.6362219856021287,2.800395691817274
1.1828814935512884,-0.0973239348618531,-0.48935393535778954
2.469104833954142,2.7693101381972514,2.4551442319857206
0.18282272685502066,1.1594828991040287,1.6599043428914142
2.356858096186322,2.367936305311855,2.945610912576396
1.7961725723610737,0.3933110521299943,0.8259274911788863
2.907092701785537,3.9648889339344597,3.004815206510587
1.790494698247063,0.9678449855652146,2.53239536669623
2.449060461574624,1.3843790267285982,2.9379336111412058
0.2872552168264496,1.0466917313269664,0.46460767644407364
2.8446905206217994,3.058153526872104,2.957477200218195
0.2975201407764482,-0.43339272108074633,-0.9183065767119547
0.07892611236611127,1.190646561009243,-0.36905136839624664
1.3937448586705221,1.379487343341809,2.101298591469353
3.4393436512418094,2.283787526575048,2.128840944563369
2.156381184768935,2.407680763356045,2.180971717987102
0.2990036765103493,0.9263727168368152,1.5437888602819756
0.3219002819885588,1.1734446713589521,0.237307890409382
3.1941729997195685,2.3418014059476535,3.255609852738288
3.3147827224375903,2.958452140142252,3.1686150905154156
3.4459366982066535,2.8820179079141317,2.9327483141167994
-0.3428535103838173,0.1526628340016628,-1.038605948240531
2.8415653891028834,2.593667895086027,2.8109486032434003
-0.1908244613557879,-0.7597016932429915,0.36863730703676006
1.626419412016404,1.7827442929086115,2.2709335175324483
3.5864928814983994,3.1301881378119285,2.5023264989452305
2.439855554223966,2.127751455055041,3.8343088404281636
1.427082299550514,2.557344016844996,1.955544568261143
0.5240403850663135,0.3836127074725226,-0.8143563476944975
2.6452237466679938,1.8885788772233485,1.1754096773142657
1.3457398847204454,0.7496240594605255,1.0000172050756964
0.20592911714721152,1.4114856499402266,0.2343390511683452
0.9771335765474123,0.6453192057260801,1.0415837136406905
2.0706183062805787,2.0705442326346803,1.2400273456733175
1.598686983080333,3.5814594037890366,2.5838376636698506
0.11575296210060063,0.7355348831962855,-1.357987681866709
1.4674906822240152,2.580052582153627,2.579878245995338
0.5458927402621406,0.791868281738789,0.5279034776514098
-0.054127809817648746,1.114061728583086,0.26766643465160556
1.2930716304709562,0.7936847573142064,0.10825468553068351
3.294377361457251,2.5043880124676408,2.4921247442934624
0.7965479969921372,2.6939124148488656,1.2065521247768205
2.2099274196348366,1.975858431887916,1.7823242796158025
0.40422141811700424,0.3293773122492111,-0.5805328133298159
2.8427749278932217,4.230422804121676,3.2555941235837915
2.730350428203163,3.3330121517402063,3.5571284066103477
0.849217998440731,0.9195249583710718,0.49801876536866363
0.06757067169612965,0.8198159947735785,-0.9626642627280309
-0.15329343445868998,-0.04924569787202664,0.08959290101639565
2.6225357297301817,2.843966281389432,2.8947800423028447
3.0272987398745714,2.3938089022646594,3.111990536879617
0.68426907151637,1.038083828376947,1.2595690936943427
3.2078483303083787,2.301229796064386,3.4748024963382034
0.2986205089619302,-0.12127738859367113,-0.5878572719989201
-0.17892629169773927,-0.30532700278295205,0.9123287827897771
0.9048702780531871,0.4814608606769605,1.448870860646124
0.13379583527636577,0.6123322131850262,0.007605500207068372
2.4857332782447497,2.906721821896236,2.1673295116986377
2.503480296901601,3.07482077103229,2.639943565337774
3.793914617650536,2.8295224295294092,3.387768313169821
0.7622603326686359,2.8366502657117927,2.0928908352126516
1.8052932512404665,1.9071512416663459,2.3874565548704156
0.8219393075122501,1.1524306875671309,0.9918302586428857
-0.1757594175466581,-0.6565270635262472,0.5708918185933454
2.6273599579877116,2.2535337338070547,2.8638347658698535
1.8609896594012105,1.4255497914222302,2.8119541236153514
3.075025587302652,3.0518574928195363,2.4553585736070564
0.7449186844624052,0.7974571579520728,0.9231976760330776
0.2893937978842085,-0.7036709307433047,-0.7826225085266023
2.383955489883248,1.9534735021190721,1.9046025780236522
-0.9173493641264691,-0.033671786130458556,1.031314442495873
1.6840800694410591,1.8885940383775868,2.45842400527801
0.8175112942162116,0.13160687217080003,1.0151218391660077
-0.3083794976713872,-0.11698201760359893,-0.815617823177325
0.9386683190838868,1.069736145171681,1.1601370219303058
-0.18046211649574043,1.4612607891443938,-0.4252659275878186
0.1768355399494583,-0.46016383989883447,-0.2648201057365358
0.7280198511737457,-0.29256019662846056,1.976000676740886
-0.5982052268784033,0.812871890772599,1.7486574433415312
0.6756113504056915,0.6425278922831347,-0.2635181038622719
-0.05542681508653342,0.4293520597133893,-0.4760820394883731
-0.31355092944441293,0.33285649539060314,-1.19037320373241
1.196284375391779,0.586816710970424,0.8881225479377891
0.17576724205582173,0.667681251227461,0.8434601068179514
-0.7760994381317284,-0.19443034972296902,0.3609193714462683
1.1306869392057077,2.248707364747149,2.251744800999705
-0.728801259263091,-0.8545705715662366,0.5337408016941004
1.7696949746460633,1.3856372180746757,1.7629633886499472
0.794680213134445,0.016747765962914638,-0.5568663837347976
1.3470766581126223,3.287587058147918,4.003473979445572
-0.29858635589866045,0.12951886082815656,0.2744021385156618
-0.619607135476912,-0.9452988442388603,-0.4907573524806421
0.9023639706551014,1.6385331239455743,2.000073169665994
2.482385015971414,2.4651249371871398,1.9731791880639595
2.503577007539637,1.5524857120839817,2.5489921939106264
0.2562884260056405,0.18920018769857475,1.0196111043541616
0.5050336031548263,-1.2984298903618865,-0.14624060729421273
3.1046800733906044,2.5916388614615715,2.3974053203088426
3.676767701617548,2.398964290274066,1.8714369399078008
1.7742498358167955,2.5413823603662156,0.6224468678339832
2.5410459770409477,1.6978259782172809,2.153973931243248
0.7933608145129635,-0.33277631488948,1.0031421972102823
0.640187039324488,0.250041735363004,0.7475055958214842
1.6625904257083854,2.1629425797112076,1.637037814649066
2.80768775878735,3.827724054883448,2.4965547251706304
0.4670474966970327,1.480202291969512,1.427471321874754
-0.6684178043373775,-0.4471407344252599,0.13116317715536835
2.0344685957669633,2.2311923250571626,2.880360813955212
3.100570458211822,2.788944023893786,2.929902352348278
3.1923484036941416,1.390634501031141,2.2603381667005773
2.223582077913163,2.1979611249264606,1.1791292328756326
0.23409967451735844,-0.007442203625809411,-0.846986397486462
1.9257951935787572,0.8201528057399334,1.7640203447735445
1.0600585284403499,-0.09713319245640317,1.1035069894894334
-0.42582503036651714,-0.21253421427219396,0.9633851741983475
2.429744293045281,2.132040080251796,1.1985820606495823
2.495440055603741,3.1068363576969307,1.8050305089397485
2.749969056987777,3.55739444321501,3.9136952012297623
3.597262685611853,2.836054961616004,3.0923185443470533
2.6756426277288323,2.9752012552711795,3.6055352456946546
0.5818203331785426,-0.2057886684889406,0.3591096967136825
2.0978934048828948,2.6217372524692673,2.1595704737215637
3.3544753438784976,4.286457484347958,3.6699654419748455
1.1702906100980544,-0.41810413925785483,1.064068725700538
1.457764362374954,1.0885554839427038,1.0022918545643063
1.0043963686013526,0.017782248380336707,1.900008355790762
0.65577304629788,-1.3114855250836153,0.9766671075907908
0.4585547163150537,0.17981953348517987,-0.5567116361672114
1.7719173676997144,2.3515963171557828,1.856806095023606
3.5508788692806497,3.97507039017554,1.6505703507066525
1.7752844767178964,1.8664526881766648,0.6748031647680646
4.1794760786059,2.1206819139959645,4.012849150976253
1.8007332864934908,2.1315042844761374,1.125501888567706
3.2598348763683074,2.7147014450265194,2.8941934873976263
1.8749034462714604,2.021226371608357,1.9081297456250266
1.631021821427765,4.260765585700586,2.0961160955297005
-0.09783959119553609,1.6766508048104893,1.308399868902522
0.2943060276591175,0.7153804679835756,-0.40384859322138417
2.3553209432756987,2.7277783770512167,3.6251603325407187
0.6207225641544958,0.03774027490155501,-0.02630503012383392
1.8017155787780947,1.4017932868069196,0.7819318024231081
2.787683950353232,3.355721789277578,2.146093676801445
-0.04407293112323013,-0.6741232221223481,0.15195015472879994
1.4586200332189814,3.268538439954475,1.9004957618605949
0.36824667381890985,0.9049301896857809,0.5440220636425344
-0.11840674393347594,1.1954836063272563,0.7061264709563595
1.9532503696273837,1.1383665953722883,1.3526153567118144
1.5679162883465367,1.8469987996108364,2.644676422069029
1.0158645004691587,1.8523345356375138,0.7274450266351117
1.5861651545745046,2.0051221659611245,2.7905375231481315
3.1062306124120393,2.744383943490504,3.144805513652006
1.6379887546006757,1.3371812200088942,1.9560961068086737
1.2284610107513334,1.3634640524195476,2.519886522471186
-1.0957702052463503,0.6852737814790807,-0.4888235538389114
1.9669410109126542,1.9939490956942363,1.5645797179789853
3.510685686797943,3.873457891831621,1.7897128558997977
1.3796527194573696,0.25311679559318023,1.7052298756361788
3.2501893835468447,2.7624132137605977,3.0667976225359936
0.601244445307922,1.3632749210128907,1.2059150961639362
3.19271617990756,3.271777589726657,3.0600460684899073
1.8995654321297462,2.207828531983913,3.128253923421099
1.4381176407946898,2.4702400588060334,1.4424424237096543
1.6013285295784914,-0.2400062730365342,0.8801643307480221
2.423135326211305,3.4892263616637953,3.5959039473203522
-0.3364549757209065,-0.47117150275522895,0.2676399191091698
3.2641233007098256,4.319157636034169,2.764295890439464
0.7970501290699142,1.1100688763683555,0.5625724568506816
-0.4063910781011875,-0.40511673657004954,-0.8366745244102046
2.733116858884563,3.355305690082806,3.1275948278366545
-0.6488074167429373,1.379906653493725,0.3470116438265632
1.2964102369169717,1.9246187738447156,1.799314686489583
1.7836214932238716,0.4784260995900057,1.2210041782298575
0.20654754322915195,-0.7658804907603993,0.5147623963200674
0.0370944424089118,0.7242391448640995,0.7898130372817669
3.8543137731959045,2.576765070645729,3.3208176783454184
2.1421575135383746,3.0016206712927413,1.740924809934682
1.457630506956799,0.5382549422993788,0.9231227753182003
3.426419506066378,2.9811000374409398,3.556032113116935
1.3785933036208973,1.092456389133387,1.162887179700769
3.3028715164128606,2.613728830008423,2.629040208659363
2.49255297441528,1.6083438993156272,3.7979821019124924
1.4669730591876664,1.2818622500130579,0.05768972710670517
2.452612506254365,2.926261061282666,2.2057776002137706
0.4137424357362444,-0.39205053913338517,-0.006281347164304552
-0.20240306271335817,-0.6212638887802417,0.9207880240408485
-0.3232371913002389,-0.2000852870490746,0.7603133580539904
-1.3547356795304333,0.45873159013457143,-0.42595857254737207
2.820260536215777,2.9272580371157284,3.0300672304241503
2.1344670459389037,1.694383247609419,1.2201870391231546
1.3836668454366003,1.3695250621264556,1.1191447127786587
2.7573075588378093,1.9817060951464294,2.2179395985573156
0.2422078254472565,-0.4089597225457435,-0.9778789527661647
0.7661834355299082,1.6232777862349197,2.118368680637235
1.9414044559982786,1.455487768144067,2.0304130893458177
-0.2045749460431008,0.07156900620948049,0.6968366278372234
-0.5210671713034403,0.16410671627490983,-0.5119497368323335
1.671064267470478,1.278579398363328,1.2369318679136598
1.3286787207037687,2.7323828942781825,1.5149385087956007
1.7498585738273058,1.5436812028628262,0.1680353241194935
2.9660157058356518,2.8260728414787684,2.839189751159261
-0.47590411740447836,-0.042287007719490774,0.2808063721295397
1.4617767531099095,-0.002550299846924009,0.5400808876989154
3.615504573212811,3.225712095060414,4.451937467007324
-0.08547997192397012,0.19513016811080855,0.12549795439437686
2.4771800245285376,2.9619197240816253,3.190670225194471
3.07166855951285,2.7538779031060803,2.876093778200933
0.63275495437225,-0.337743311471146,0.9504367968333909
2.572213093522052,2.763116004473567,2.2300603968227546
0.544748321781745,2.2908084209258384,1.9628318529401065
2.142451484880271,0.6299705396496382,1.346795508305943
2.62603681193053,3.5399453492747592,3.8276239686921745
2.3467014942375353,3.268049390040608,1.9796759565871958
-0.2687575872961312,-0.23121963473135465,-0.36080938731411866
2.0162194705430485,2.2089310008639154,2.044229584085502
4.497580985951126,2.990756005296878,3.6923757707580904
1.7276575348927512,2.3690995268390544,0.8017407469978675
2.628244581797496,1.446275070043491,3.190859978689957
0.09147740546070614,0.6411116429792629,0.2675798123882319
3.703500508621975,2.711644570232842,2.0032567267787282
1.3636058169360612,1.707656275753644,3.4106117144936627
3.1606264849335086,2.8114382630526005,2.672814359349724
0.2330433081422314,2.22589471966402,1.4684070392523176
2.2198319859793667,2.1697933381287533,1.2558924163738854
0.818696192252444,0.8774038104556694,2.465174693045484
4.279949618924107,1.5329285093052012,3.3192683384473085
0.7699787897042489,-0.34703105894996716,0.9354937687372541
1.6406818608922245,1.6237331484598396,2.3787390606313457
-0.13765433777619496,0.3161013282132387,-0.00454000034466925
-0.14355546040213185,-0.19318809200898848,-0.0938607602552269
2.281962667580686,1.9593010845657026,0.4806208953680524
3.786636220903698,2.738056583796018,2.2339409643366652
2.2852143646321093,2.6690288336941514,2.2535428651451785
1.7311133383086388,2.1130104566313657,1.675376156573624
0.052297432566366264,1.2475320478961367,0.22755231111296276
2.392495166543904,1.5254581754184524,1.0660745470128536
3.0593210557962003,1.9502467998481605,2.1101575064624902
3.0953861574704042,2.2029434033793707,2.2935756300421106
0.3388905851088627,0.6037334321131453,0.5007860892197293
-0.2447436090326573,0.30308241985406376,-0.6038144962527793
-0.8549881396043809,0.5571963422218559,-0.6794311560123777
1.8865959259918992,1.9193694789486473,2.6898171823177743
1.3383689292177088,0.12582124964755476,1.4267610277421938
-0.30578747842487736,0.2216063132287467,0.26665334536935176
-0.26891355861029,-0.44550588146059655,-1.39125626495025
-0.41904620539666027,-0.6632661614370653,0.9861820642621766
0.7986113338245332,0.41058845737322747,1.2206237698853828
3.2682211418970333,2.103674521581202,3.8127307407207556
0.934715773393691,0.5369136613870267,0.27978167668144327
1.192800213841341,-0.42836646278815343,-0.7307105716059731
2.3083092841371013,3.1361292618019956,3.994788616047825
-0.19635766146106978,-0.6164013970441685,0.15949326267528677
1.9862748679764521,3.2667339116090974,2.8060899444360166
0.04120009275469485,-0.7169548883595732,0.6388711616039204
0.7481832134943032,0.8667350041422466,0.6016489540706268
0.027445498788938667,0.7965756238003959,0.7238603678270138
2.7057332034788333,3.2238435536213195,4.084935150915582
2.0067448351267343,2.4729134154375227,2.1712688155582307
-0.29031920944191864,0.45471880057398767,-0.7962794769332345
2.258920676407946,3.003540463041692,2.0575365854891663
3.5491942541677513,2.8405447690329013,2.4607937885621123
1.659351624842372,4.11586290508156,3.3530288323295108
2.5717514139710986,2.6681766291774958,3.9210535308729666
3.408368811909166,2.6816411824805457,3.4831249940534508
0.4598673936797768,-0.7581365249776617,-1.1583072753054982
2.335356729823268,3.892420474538545,2.023009972017589
0.9102192747299154,1.4934521520460478,1.9751773896446072
1.6526056116385113,1.9995008852115388,1.0170731730016913
1.3362621005378852,1.0933988743390397,0.41345043807705106
0.40048549893393326,-0.1258974401107262,0.15979741745438572
0.9182922461193772,1.8860528955519453,1.1945680471797138
-0.6473051610808606,0.6613181332306156,1.7088255625812367
-1.0517059793009051,0.6692239688126026,0.5148743421921245
2.7149025540633636,2.7482802005835936,3.528284851695917
1.7740310754519033,1.2456648858190313,1.7891785527711872
1.405482411000236,1.122129889292208,1.7974060592652996
0.9609861884468667,1.315150341949316,0.03725176218033188
-0.23873401358175056,0.5795649862617899,0.054237562254833276
2.0924823785274826,2.5178450051612202,2.8504044460481466
2.692553878214614,1.2695100401541626,2.426396931580987
3.48505284643552,3.2405912854264547,2.9842495384226773
1.6716167533849444,0.9513257548036625,1.1414563325159717
0.5637335438151934,1.637487930561539,1.1521091103178416
3.721429804035593,3.3025898546064973,4.678731107534028
0.09835304529978307,-0.3661210851266573,0.4365462320983879
2.187724112402667,3.091058612564788,2.500158130897427
2.4883969348859276,3.713903124099662,2.695846720191547
0.33014968199645256,-0.15785252561280616,-0.615513479735758
0.35264545090197186,0.9891940664318577,-0.7313146853505212
1.9839964541973725,2.267326463388956,2.3933832373172406
1.485611358533971,1.788481501835558,1.2850291648550192
2.256958197177652,2.043985062718626,2.350431190427868
1.653766441874421,2.0641188045494188,2.861226641086023
0.993713139622746,1.190709593453695,1.2573533151677803
1.3995691178670193,0.7901786120427652,0.5101011386704464
-0.2627014694506017,-0.6012702308979633,-0.7747564800779144
-0.2750294425267721,0.3015131785584501,-0.3912710242383061
0.13749939643381728,-0.16376411219223957,0.3622997994020323
1.344430531491486,1.2559803899450275,0.926040300157044
-0.2526606443175907,-1.373009188900825,-0.032397402755848154
0.590798468708287,0.8318207582631236,0.8132127216564492
1.9047268775367439,2.184347910073885,1.5600555886164895
1.6261889232160618,1.258611254207615,1.3902172339886927
2.004311782373281,1.504445250712263,2.482960231714432
1.4281831267900515,2.439210477958462,1.717898077267098
1.330516735064835,0.8890016482456148,1.040588128691498
2.695851957581117,0.9300891897602384,0.9898474123388089
1.3135512518564265,1.6768934530806683,1.4912076691748943
2.615063700855731,3.182718318222784,2.7703714322558555
3.0774387723307375,2.532673259305444,3.3839894142191844
2.3642073433112514,2.7526340000347185,2.819217369262088
1.5985022488306748,1.961996944099123,2.128447951424168
0.4198818090493627,-0.11752036499836575,0.6123316773188282
0.6872369828881559,1.0787718476036683,0.5825637438572372
0.7636305576477523,1.0547126567180478,-0.5099752484446215
2.347358270256329,0.5866675982055245,1.9566607636933275
1.8036063136334188,3.511787137835048,2.9823670397562743
0.7182282121212776,0.6282457995167485,0.6508574848852844
2.249177947560021,2.0754032837075136,2.6628199830327035
1.9285240788730633,2.7636286112731474,1.4511225340085312
3.321618632008853,3.255601479754424,2.176456416971916
2.694301731549984,1.8528947069197865,2.3903603678044854
2.0821261620818343,1.4413529945392276,1.6521449021205905
1.1767026257017155,0.25864796409543755,0.7660212883809897
3.8260315994615364,2.504356821834192,2.6974422044788438
3.470129899854101,2.3352963619776634,4.109036884921336
0.5573061412104822,0.9454786289535752,-0.2869239962664687
4.053583942585865,2.0956781482740627,2.0908564637663254
0.5019700613284981,0.6690606343860444,1.192833498816324
2.221678489512843,3.444983212972955,3.8457094636505285
-0.9935760810388155,-0.3096714098860522,1.3129517802371147
1.7737158797797918,1.7959130914424257,1.2576653117774703
3.532264431632549,3.3820990224675986,2.956873710797156
1.2463176475889057,0.30246257344023253,0.15533923190029852
3.5869289912092635,3.168780160751568,3.5168632709097634
0.7226484677464572,1.518852907134273,1.3624050919132251
2.4685751897546693,2.1020660498931663,1.450785405185807
0.706007215292467,1.1934536873553152,0.836947335051338
2.725423193569514,2.5488278937475553,2.207053481106712
1.3639979179594626,2.3542410312194444,1.8710074444401052
2.43825573672654,1.445771144956229,2.5852514140434772
1.2150893648774286,2.7053147014113286,2.6138781456444047
1.037404263314218,0.45580929411446847,1.0673834275265777
0.3655004038117749,-0.12601750103225795,0.2839442754960442
2.480636959015386,2.255919972559125,2.7450273560021903
1.5430257862512202,0.9546855273057279,0.9109097275441718
0.03559371968400894,0.5441850771276122,0.47936906364023996
0.453213060060189,1.9242752724988834,2.161798114399782
1.6689755601403333,0.6142562473640212,1.813661526876182
-0.6957047674142266,0.6895051601896343,0.13496765327214605
0.7501334006939441,1.862475903468448,1.5462083448106405
3.764249306462309,2.8262835260343606,3.0523845069368627
0.0033203800448180884,0.3715312384056897,-1.9216505275777054
2.014633064290751,2.3666554703875304,2.8765085412052844
1.1544601050391,0.5887772347765623,0.9686763942347937
3.067732934580276,3.397826683427738,3.5571090013730915
1.3270671099908495,1.6382939673319226,-0.08720627902812272
0.595358697728756,-0.39349849640566886,-0.515104796026535
2.1271435173963713,2.1122415063290076,1.2905497262664338
2.0142774534321313,2.3277603228239827,2.087592749636972
-0.18284289340013657,0.5025361449757932,-0.3916403125554789
1.705222743650179,2.4341871391331753,2.526887528428184
3.8262012166059325,3.404557923310182,3.0244273591019173
1.1393846020482934,1.307107889457694,1.017571458342286
0.5512976640310402,-0.23919019263802785,-0.07287671359068877
1.0746797130261903,0.32741260577843034,-0.0878713278835813
2.061591469779124,1.4029475894411743,2.9808848169576856
-0.5979771924960827,-0.17550551502410927,0.5197745395460142
-0.10043911342692695,0.6702575183537519,0.49625972918933553
1.2330975642394209,1.2925934429324557,0.16415711938157865
-0.2067000036099428,0.8470275297287496,0.2749595329667227
3.087299978399576,3.7547259413332053,3.8198747724143756
2.282536898051455,1.0207359058680479,1.6746149689520506
1.7090172005129878,2.1807176699803836,2.9838627760889778
0.3572257424234037,0.5294274787307831,1.1283124033049474
0.6753923940261111,1.1015516228192481,1.1364887371492287
0.10369696077560442,0.5865924631914481,0.16199359274343425
4.488356394094005,2.9563539018213345,2.00104322632801
1.4667326148517865,1.5235807776525405,1.0604044474078853
1.244808079356554,1.368100603575294,-0.07763354847762693
1.0523639578652833,0.45763587702531083,0.9803454642011968
-0.06627351595811613,0.3635365432456988,1.2372369394616882
-0.26882899322739107,-0.46077173011046196,-0.45090247160685704
0.5918080187595477,1.510933987477129,0.7781758413472027
2.5609974919770133,2.004589512021039,1.1624526978341585
-0.18292412355132945,-0.29822471532213835,-1.1850838883833819
0.1854976051653133,-0.09177262274809889,-0.3406776633937248
1.5212010975201242,3.329762186194409,2.2012352030753233
1.5315233329757354,1.3795346149292407,1.4223767964521334
2.1564229760034195,1.4471257364275354,3.0891293997233653
2.1345771594099525,2.301022876720058,2.5638399997982937
2.608643605153565,2.5615458907632216,3.5518145067758917
0.054698466157950786,0.7533229421434846,0.09414097439718824
-0.16483441776834185,0.3405934157500207,-0.058846128849284536
3.367308488198554,2.8640268612461552,2.70433546147668
0.320681543181181,0.5327258582126657,0.0850384650132794
0.9309147789133125,0.9842075668469565,2.2339108097368126
2.0565514158114837,1.537316919275163,1.8600809385435708
0.22274451021015446,1.060610319881764,0.12091301616229655
0.9468015291068337,0.43129624406070827,0.06193018664558711
2.0808840513395874,2.259186502789306,1.8272139860369796
2.4710368413431123,2.884198335502837,3.532702022332113
1.9644057130908972,1.0001113715434726,1.6541696955408227
1.3691225697471723,1.4323058282913685,0.07230898620129156
0.8854028598803959,0.7745146898264329,0.22729766533903262
2.163548443795772,3.612905156365608,2.5550983928261894
3.6991017421335717,2.764893425724583,3.0449827100766607
3.085826025236899,3.6246736053395194,3.541353968918406
2.202712386089246,2.8340197045894064,1.7746727985284056
2.3421407171118047,2.753048760590367,3.1458790249470163
3.2804780571054994,2.74589431148663,3.338470562933154
1.9215361326178324,1.0165855849991625,0.640988001211807
0.43977861672071183,0.9467587318879768,1.1576065618833662
2.8223198948647754,1.45333398388352,2.4088810538532637
2.8739988441461386,4.045866669561859,2.5112324378090864
0.6236304211960784,1.9089077147711384,-0.04351436798425734
2.2948705133465945,3.108481052078148,2.4848879557000614
2.3736060864084974,1.5140873655416252,1.3209146317708085
0.39698167035158993,0.5393005706710893,0.7711091955397064
3.878976089470345,2.3036175801049543,3.2496343535857832
2.511003900195861,2.9033253750760633,3.2192035388671085
3.1945984046440135,1.8149759049606424,3.524697059024361
2.4959431101921665,3.6620420857433116,4.161670446523602
0.8473614035772761,0.736684819159679,-1.1791863262427087
1.9626928779893238,2.6877618972771486,1.9812869646751508
3.004542350460065,1.0710488451850437,1.3690525803513875
0.07125932394664196,0.6564003172475754,0.3265949215649054
2.6389720815685145,2.0499551633649085,2.9317375550417566
0.7197022721038783,-1.0360863838973413,-0.3682498139251267
-0.6246073300987521,-0.20008363698453804,0.23688111686904276
1.1760809381453923,0.4179213412497811,-0.17648493548855404
2.4562326780850783,1.8300362652575728,1.540508321758629
0.20876746582508118,-0.41037698824535396,0.4057897132984251
0.18860363347287445,-0.035584120941922495,1.092786834732255
1.7626929111592238,2.281324874161303,2.92996574622036
1.3893193455981674,1.6084632894066213,1.194316131838042
1.369042361914587,1.3884271343660903,1.3340824507665427
2.4010255489514765,2.5677814652623097,2.251669666091649
0.19452158320455745,-0.15966079940998068,0.10747658619999055
3.9245666289056844,2.319560414035269,3.228942712371176
0.5916584685418589,-0.1121488321369275,0.8542945952510997
1.3273414599771876,0.9408010121819484,1.5040781079955936
2.2908066298911374,3.23499326461443,3.5027024617010043
4.116150370699428,3.450471020701221,2.230594203315091
2.8272461324988876,2.0225509433886515,3.6089570445052654
1.329741642898686,2.403961959396498,4.2722644575238276
3.2696515442340632,3.7485466322108962,3.3684052889364535
2.644352019799801,3.076823035248564,3.344271264593311
1.6778276249970343,2.0548755679628443,1.848719567325959
2.4151250130413917,3.8234607449225053,3.1944554418566398
3.3158686073140706,3.1348749657652593,2.8163640035831277
1.2588994080920801,0.971905430289072,0.7246632418184832
-0.23042640006831008,-0.6345633688425474,-0.4086567391167903
2.0191600494737565,3.896136128196734,2.2527179208217434
3.655813487823214,3.695302664771906,3.6470035030984294
0.7415116571250804,-0.08807925183235636,-0.5180370335099143
2.652678146279426,2.7316155853153092,1.4623803336652939
0.9986113439913669,1.3217432910913063,2.341330272781863
0.2910850812725801,-0.5734436793026236,0.3519983720930766
1.317106708442404,1.6489441194219168,2.3209313902549633
1.559494077739192,1.1615447470620963,1.4033981738933283
3.493599240763351,2.827889835113015,2.2714192108263633
1.3546951002602676,0.9868999793147675,0.9739412707888243
0.06725534586851427,-0.811450653962936,-0.21205142881662206
-0.33799793637358044,-0.8289978242848713,-0.33411785768722874
1.149133911467234,2.1402330839984116,2.8303129569545247
-0.5846075368364348,-0.6336068090743592,0.5283281894189082
-0.12561728564807137,0.6009828546987973,0.3365216677610738
2.2040929291940925,2.6333673389019268,2.3896554154702963
2.5273153739551635,2.9084817621689023,3.433054805624647
2.653446873441491,2.7625117958297185,2.0362445410827483
2.1559260864467626,1.850548702320953,1.7778857757905384
3.483524602238746,2.5856295195381236,3.503835878574934
-0.48592040812723025,-0.5928335119928176,-0.055548437947344535
3.5329976551295146,4.4427273147431645,2.787744381141932
0.07008574499675668,-0.13054325570767822,0.22883795733045764
0.0839721416152287,0.20529210334627987,1.42003808671603
0.5451733028575019,0.3841502828794914,2.338590212876884
0.3083943399959027,0.5374705354988398,1.12385245918469
-0.17335863472879517,-0.07875639794198463,0.9215176644884739
1.332024732999467,2.035102283513008,1.5634787503209706
0.10781415564477148,0.8537179384737631,0.49360330311906453
-0.09678641573167114,1.101893401861299,-0.01741125880584841
2.1522348573204977,0.04001917656320242,-0.5696360298066043
2.0949516577802068,2.892979835706008,3.3203067510995967
0.033619859512002935,-0.19516902491639393,0.5016113224031488
1.063345653208687,2.273056900101195,0.8717278538053544
-0.6209529038330311,-0.4974364563499245,-1.2393713938622526
1.1026206500444378,1.853994376697124,1.818012224765975
-0.3307085908270706,1.4306104557495922,-0.05396640307670477
0.5667006528195533,1.0884447132790975,-0.04407129568730794
0.30765115457433023,1.3101629911865682,1.1662526254142613
1.4206679638519017,0.4547089516968358,1.3700550081764193
-0.4801055630077907,-0.6127255896961685,0.15814033864933866
3.0058903126146412,2.1538835399332865,2.4686300306984013
1.4988018506999652,2.379779337005826,1.6217629577682018
1.8711851856134067,1.670763424937425,2.0450524299489996
0.9803460729699666,0.6968801862485972,1.1434123916164978
1.973505916090788,2.120527562959995,1.68125001977064
1.556898316113175,1.1704704168921378,0.775936902239742
-0.4752112098071255,1.3413984963515442,1.88735801599301
-0.503881753333704,0.7791311453679268,-0.1038417928052104
1.7983742637139162,1.9185157591318585,1.9482946945003585
1.197461298910391,1.7814146374608195,2.1298550942467287
2.6075805047682437,3.0909128173973386,2.9996867364476074
1.6867950239990996,0.6684419916654347,1.149387462425009
0.7192717122339867,0.6079159483743322,0.5863288182070079
2.792291275419165,2.563024627929249,1.171037859535848
1.6938628450172049,1.100870882299465,1.2343966260810146
0.46266071311027107,0.4637579007577563,0.1844247397000195
1.182890286228103,1.3716111040219134,-0.4054467521154199
0.26935008408764344,-0.41633464421856914,-0.25020520752205533
-0.8022385858414478,0.7142520971553226,0.236927074464725
0.34522803811412983,0.5442430582007729,-0.2209073560407612
0.3435921354054955,-0.09236761136141003,-0.5691263282797974
2.4090548640420972,2.1182503236637333,2.8732764568659004
0.8895459954690417,1.0561375916916853,2.2095509459890605
-0.9944740369452766,0.0012769580696076466,-0.4966619997886968
1.350843387745221,1.2865948497104762,0.5636812037776187
3.4774425541764367,1.8144840185751314,3.622348425167961
1.8330593195797587,0.1546087100346324,0.8637248429050594
1.680304741535458,2.134802868646897,1.2079180526577393
0.9227556898137745,1.6029373184942943,1.8858586560436237
2.382385553222379,1.7784961952018024,2.5497041155411493
0.584759768437566,0.7900366497681919,1.6176777056453364
-0.633162802946713,0.6943254511996672,0.4052916656018383
1.5906812089284288,2.2371997786090816,2.287926750340234
0.3277746870679079,0.06316135851056158,-0.7539371979278842
2.0647919515213276,1.6703727790370089,0.7264530683442272
2.6753046965094436,1.6671892911468953,1.4283641190838212
3.146138954753674,4.328656970255111,2.3800171574898434
2.687182558797054,2.8562082786013168,1.3477280641418927
1.2412256210657793,2.3402557535063613,1.3775187453901772
2.130916989733173,0.5453231679058471,0.8794644363255456
0.27560603230504543,1.3100883444711795,1.8700844835297388
0.06212511871544758,0.19109878503161795,0.3123183772253514
1.946704301815796,2.7901387124389636,1.896974600308539
-0.04765534639306498,-0.4223440559187885,-0.2588117462740023
3.196046297879816,3.194028620145504,2.235895603606475
1.7038237544337904,0.010476941637790116,0.5300353842505294
2.8270892300668966,2.4249181520372183,2.8839544259317065
2.2909606259272293,2.517543842139724,3.604762431447341
-0.8532363013793787,-1.3335058314550203,-0.44995976608190363
3.7310131990940003,3.206225232218681,2.3545969904807755
2.069173371906156,1.8431475728038968,1.5605298730827082
0.9597891381943091,-0.3111040811282993,0.01092416496957195
0.8332400080746594,-0.01424403762343135,1.277765421969451
0.7961724687403148,0.7295620585154816,1.4652748407007368
0.8233954577145592,1.1720970525167538,0.6855667530566355
2.2868994669967595,1.3259682166717437,2.345750574309188
3.406546929041645,2.6794174822973895,3.6507637823400914
3.3932209785045515,2.8526245658959177,3.0675537900250465
3.3974079835855955,2.1765708130648336,3.6334208435976154
1.5517433494479136,2.042748972719321,2.4259615586477086
0.20977686809163265,1.1147126547944946,-0.2829513007513613
1.3400232014077755,1.9952956512130848,0.5764013148818861
3.0246207343650386,2.8903090001224303,2.7705946357351148
-0.8102505788770376,0.23449098509831107,-0.37643443826534567
3.389900232151256,3.482189090444943,2.4103615571086108
-0.9548618722762681,0.19921614594696094,-0.7889805746364266
3.370066975639941,3.2132312923090063,3.2529804398374758
-0.20627885035275859,-0.09667059012039782,0.3788756622342518
-1.0548554722738477,-0.820348876239191,0.4705634691275578
2.690057005324596,1.9247257217943605,3.6183683555541553
2.188326876348258,3.272344180817871,2.4135944044830886
0.3029971316749162,-0.6765338397168176,0.02144011381280419
1.8623929537297488,1.7223079855028791,1.8308422384246055
2.050446608427336,3.452521652191871,3.0959673419039397
0.5341042455273473,1.186123338650921,1.9255735194365817
2.4307894403558965,2.3473062092857213,2.2055206044584925
3.058854450600925,2.6880736914087824,3.8157785474918686
3.1164714207960875,2.6022590389308466,1.4817459577455
3.3519874263986122,3.352307418983525,2.764967615520398
2.8637493846356534,3.3089591691173563,1.6456001528066209
0.9681122705289904,0.3887294077154241,0.30845083411852725
0.9805692625836676,0.12355313877926122,1.0623370478477365
-0.17592800564767594,-0.3101563225488044,0.3507020608718462
3.5119538548972358,3.560641936170492,1.6877386112353956
0.60491393833103,1.8419516392823756,1.4790883500628569
0.6252395533009214,2.4271132410061753,0.1973820517046606
1.1501532052798742,1.0307969379921813,2.303125165617627
1.0193482985592315,-0.4027929655700435,-0.3001535100525115
3.111663452206657,2.4479338124652066,2.44342442941086
0.5618432444929431,1.920228331057551,2.179992513281205
2.424776907489118,1.492303512977156,2.2778962094428676
2.7493200145308023,2.3984308178477955,1.863370533421143
2.9584409760277017,3.1783656708760635,2.506699250826557
3.375824284272772,3.039228155628688,2.569396059834622
3.8259900853695856,2.9136578672209543,2.6207075681461225
2.6898874069546728,1.7383109880517507,3.390861322056974
1.4402529339828165,0.8402989132066644,1.1271440490995217
-0.3034243118097479,-0.3134984524010379,0.390811308830209
0.3178276874728188,0.49393246500826726,-0.21623438186767782
2.3213913668004738,3.6073533470244556,2.8116948737823133
3.951330607045468,2.5168279960297966,3.566659816947857
2.963527042958048,3.29007703175846,3.0595893832214363
0.9881416694470135,-0.05010813023041124,0.2983337164225463
1.3380422446377047,0.6912756420017223,1.9886868952363794
0.6029360048576787,1.0254243291766911,0.17548201250712897
2.8700729860872194,2.6472319490817897,2.5848926245100365
-0.003861589447003076,1.1429313870401003,0.651157351649975
2.9552533997382975,3.590724491927642,1.990938767197035
2.2021367091538524,1.916730874109702,2.0608945900354874
0.8608667775375973,0.7832709953211237,1.2919385897761158
0.6949789731498719,1.0517559375497285,1.5155779860474516
1.1866786579746593,1.4132744530674848,0.7542384165522803
3.202659795220792,2.5986095158399287,3.200063164713754
2.815893327210756,2.9095178872438487,2.801174830461175
-1.1284641518544434,0.16889231665850138,0.11599640689696732
1.9671914667528636,1.5269455177976425,2.945999421089659
0.3662392109400129,0.5664134522811708,1.056350908673241
3.6330340612146688,3.1689692288082267,3.231961049683559
3.6327827260578016,1.9697015644262286,3.7950092879056903
2.6695726980340897,1.6909043971412514,1.8161275963927979
2.4510287353532134,1.1084810307738233,1.2224803092029544
1.7121493895727924,2.354219246593474,1.5717373592330346
2.058169088986971,2.2682479512890144,1.261747252081737
3.155381580170463,2.189546159819711,1.654785938512645
0.8989304195495347,1.000612272949427,1.249022752503773
2.687280121196509,1.3437840819898115,1.1151767528027072
1.759184934120393,3.679430749749346,3.0901235043544037
1.4033303204145862,0.7195919972882139,1.9051428149598792
1.8934686966360548,0.5598581592602139,0.25754702266482643
1.8442276080140405,1.0436760085702121,0.9946258764402117
1.3062387251033059,1.0513101054016587,0.3178189220913564
3.9352503837935933,2.9859225663511064,3.4903970956148918
3.0586451278301308,2.1915613576602975,1.6870295185108948
-0.5972276557084693,1.4706351816893342,0.6091886821854281
1.6573425761701057,1.7992446519498493,1.3800417308079915
2.631498936897686,3.470306655810092,2.840857679114753
2.0837206459878277,1.7162339000060693,1.8832867994013829
2.744962074734838,1.8229179632894255,1.2169602982852519
2.0869360461324233,3.2422418383775047,2.704944403754172
2.485840089659437,2.5688664989719934,1.2868837609354409
1.9204345073908864,1.8152160196136207,2.530882982244329
1.7159201710052416,0.2672879483326924,0.33016325830149196
2.652309830123806,3.697258232214616,2.531599216769021
2.0052096780306523,2.507512805494035,1.4374722906422908
0.10307697035533135,-1.2762163220344385,-0.567375742624073
1.836828496362895,1.8156350927205522,0.605436778143875
2.257654539969351,2.6411760133807576,0.857410741726411
3.040429977762918,2.4424156517750024,3.87300859266304
1.0806610207324931,0.7406077075557252,0.5429464373207775
1.731825474404887,1.497585091247262,0.5024637686125351
3.5796508540709646,2.44240073974719,3.5219881028854974
-0.0033377546844217134,0.6710947938808093,0.35561186076251977
1.8948639708038282,3.2787550471654967,2.5694244713812155
0.15761495851135887,1.6357889467560143,0.8650047764219402
2.054507728577579,3.7205154384541346,2.4545705973634524
0.6766815297601723,0.32109126085020245,1.2723964266626662
2.92505079797603,1.912559840294088,3.0908659720173945
2.366279249822,3.402697391641298,3.54841839737336
2.080248602783905,1.5710354863533726,0.6680976831887446
2.726093361869422,2.6739602179581308,2.084568128557077
1.4426724503305872,0.7171490981988857,1.9648090110428376
0.5825183953747739,2.288873674608059,1.8923704624441104
0.4257738931722402,-0.4375664393045968,0.652392699439243
2.6462630190920917,1.748602639333826,1.4255136952561511
2.652851535893928,2.164019006862119,2.1624115719940638
1.2181516082722998,1.054477356792583,1.481307586166749
3.057566655047931,2.2889040566433025,3.0755685196313105
1.3975823070210838,2.4577585728889777,1.378820815612499
1.1476410271174466,1.5158860057058805,1.5803749810179601
1.16647898590001,-0.3349771983816051,-0.7537381171440446
0.4245921064839544,-0.755449590139926,0.9426570244438447
1.1226006309356038,1.8562839938093902,1.6034220976542322
0.8714532288678257,1.3086317425732945,0.484022620567357
1.8335354356107554,2.8749345601563645,2.632098527292399
-0.8293873158220059,-0.5236976475534397,0.03538460302164298
-0.14432760393229702,0.6387306264932705,-1.06866365735411
1.849050182508562,2.1958446918267813,2.2605779247024413
-0.12699672547758167,0.9662233337717224,1.2804782084067705
0.9689689576463646,1.0432834474423787,1.0967994112331043
-0.5364215061023103,0.7510527565775987,0.4527801805783094
-1.4096473712515494,-0.6736712606910161,0.27911782749588077
2.938534731205662,3.7148046412811118,2.835608194223366
2.317561002419026,2.270267324812575,3.2976376462742176
0.09394983058942642,-0.5709226285791581,-1.425258980609036
0.03320233230936839,-0.2015988938351782,-0.3477110462992516
2.7096168691071463,3.919651779277903,3.287744274098793
-1.1433919933212444,-0.20081530134946976,0.2736231242022364
2.62608909462837,2.2781177168364044,1.60535157841729
0.4352650167091451,0.49689889777395624,1.136459784830803
0.3645842332789424,1.1408224016478534,1.2413936674925186
-0.03134829106610486,0.20028866958970956,-0.06938553428229247
2.0900570475532905,1.822568075034043,3.0516597419625158
2.7197134685228233,1.0854234239853768,1.0906903850644252
0.24505730446660767,1.0946287404535309,0.321810687751581
2.971738975863807,2.8049137750286537,3.1126087515923473
2.275684176368548,1.426197218582728,1.9284490371000313
3.5823589083126235,2.458386118391503,3.675222615995786
2.5511739817250354,0.19784087364222103,2.024968561274121
3.284829127680009,3.4055697067722517,2.973796566181538
3.581363858957119,3.4556300653543985,2.4159967339292385
0.5184335426850999,-0.06499773180516334,-0.5532224538219438
3.4656189580076084,2.5651251511239965,2.3883092033184306
3.1780521315045664,2.9526828846386497,3.336088913558524
3.933721307989794,3.1650366227534854,2.7315966638347
2.0518435156816137,1.8031800845072699,2.5462405910566366
0.29161981130946946,-0.5379875297720942,-0.7577138787754681
3.2615834870739238,2.982690466157111,2.8021342809820675
1.2088360952525226,0.6980613701956476,1.980631205954103
-1.4288776982501885,-0.5482028131773432,-0.7879614772933919
2.5599789229855414,2.9699985448728556,2.879023863852233
0.8293770515258815,0.6656080624900962,0.02264416441089902
0.8526523913182754,0.7554950507109902,1.102627781864021
-0.35915937986182983,0.0010315035900269305,-0.9261705889383689
0.46794227041537795,0.8129818515128964,1.1382816560765239
1.1936231720171124,0.44532576299411963,0.704944787686721
2.183769909837903,0.906892367384766,1.9904833337483192
0.4821417074746526,0.3511589739380179,-0.32842601747955136
-0.266454341777866,-0.4635066944972682,0.33971302313511403
3.187058633217155,2.8209648101087414,2.819329965220336
2.831173359373826,3.4339673543431357,1.6828704414725095
-0.23701701669817177,0.23293509360836306,0.0486082936717817
0.8281572612458215,1.4854926409916063,1.69356117555019
2.3929942631220955,3.7118093209354384,1.955224710921583
2.1553284071381444,1.0642615748302873,1.0167228016537775
0.8329096397663862,1.3778587634723514,0.16599362798857042
2.176869118521342,2.0868646812057725,2.5167143030148105
2.811617947251049,2.2585793979156357,1.7150892598615088
-1.1118959082929483,-0.10296669139370918,-0.03895816064186187
3.4677125130016018,2.8828054432990475,3.3439568094760146
2.1538315361202334,1.0807436405755493,2.7508225377554076
2.147765594040168,2.7293614894950404,1.6624244381826156
0.6102207849472087,0.553892997910263,0.05381099607266103
0.7968389901028674,-0.5386068947072475,-0.745216709793062
1.4642852228094583,2.4559924774848825,1.0906769583693259
0.21492937471134346,0.7156213768905955,0.5908125234006742
1.870866209897582,1.667893826078597,1.589740045901332
0.6639369489504606,-0.4979942281968134,-0.27452880320007644
2.3594187371288924,2.0334869572306644,1.8572517184919206
1.1474515654240236,0.8193161342350557,1.2655180467232823
2.145851925764679,2.721456838836753,1.910833712931327
0.7491611328447856,1.2614502829785705,1.092547812981682
0.39806227402562494,-0.6856862617260849,-0.9386512561079354
1.2660949546500324,1.6819024255182287,0.4285528537890225
2.6473921843833326,3.7083599055128893,2.1314056139354594
1.3377273681555109,1.929718849759488,2.7348303767050406
2.1152559698544735,1.9917590672088228,2.9014451097389524
0.6828764961070735,0.314140193139273,1.3262306945877822
2.287249960572981,3.592793487602092,4.23884928895969
3.254118365769538,2.5441776618627103,2.0827573746727537
-0.6141750504262041,0.29635484498930126,0.3572816261309441
0.8313890487667673,0.829604318684499,2.1840628639325805
1.1188361492069214,1.566316981593138,1.1274924949674694
1.7171959633839415,2.2736233384687274,2.62548365137822
2.27625694879862,2.667524785437344,1.4652235757299037
3.162196122136447,2.3624675118164724,2.9449497671580516
1.5518400026077097,1.6489039588801824,1.31338337207242
3.6804443974018586,3.5491429801351106,4.065179445080256
-0.11672203060321845,0.6927174136349564,-0.05131829398713768
1.2334206100379266,1.5693624687988135,1.255222957825525
0.3671003476103424,1.553360856279997,0.044075638673958695
2.2354175997156385,3.622553618595626,3.059679058588891
1.491943732778214,0.7387232237091703,0.18524699265835787
1.063848680012823,0.6371334961934534,-0.026813671175154097
-0.05756997332068248,1.683453607410657,1.3466569926631244
1.0077143479727846,0.37761256755550665,0.6880051786044223
2.5756006371352873,2.7245912201236724,3.153036272998052
1.0354550097404744,1.9162799651003257,1.5356411638616927
3.4797443951970988,3.7472771594272594,3.038687057975978
2.422570814462614,1.7717802544728714,1.7297316253572466
-0.23744015607502786,-0.02927840824147947,0.07729833941801349
2.402302055858619,2.1661364637741816,2.263434458291019
